{"finished": false,
  "id": 4,
  "name": "PainExperience",
  "updateRate": 0.5,
  "assignments":["personality = age + bmi^sex","pain_beliefs = personality * smoking"],
  "variables": {
    "age": 64.78399,
    "bmi": 64.47919,
    "sex": 79.68973,
    "smoking": 67.81486,
    "sleep": 51.48175,
    "diet": 65.21205,
    "hygiene": 40.22339,
    "lifestyle_activity": 11.46356,
    "load": 46.82536,
    "anatomy": 75.08917,
    "social_context": 44.92367,
    "coping_skills": 61.21804,
    "affective_state": 76.44513,
    "inflamation": 41.79103,
    "damage": 22.29576,
    "disc_enplate": 41.12574,
    "vertical_facets": 64.09353,
    "parspinal_muscles": 54.81479,
    "si_joint": 96.87087,
    "genetics": 61.68874,
    "personality": 8.361591,
    "pain_beliefs": 69.832492
  }
}
  
