{"finished": false,
  "id": 1,
  "name": "PTS",
  "assignments":["personality = age + bmi^sex","pain_beliefs = personality * smoking"],
  "variables": {
    "age": 41.36086,
    "bmi": 99.70494,
    "sex": 38.23778,
    "smoking": 14.47109,
    "sleep": 36.46828,
    "diet": 40.13407,
    "hygiene": 22.16814,
    "lifestyle_activity": 62.46539,
    "load": 81.54435,
    "anatomy": 57.39217,
    "social_context": 79.45227,
    "coping_skills": 58.85901,
    "affective_state": 13.91575,
    "inflamation": 60.54035,
    "damage": 96.35465,
    "disc_enplate": 66.07038,
    "vertical_facets": 3.673426,
    "parspinal_muscles": 23.75886,
    "si_joint": 32.06027,
    "genetics": 26.46576,
    "personality": 89.02138,
    "pain_beliefs": 34.26755
  }
}
