{"finished": false,
  "id": 2,
  "name": "CPP",
  "updateRate": 0.5,
  "assignments":[
    "pain_perception = (pain_perception + pain_experience + pain_beliefs + personality + genetics)/5"
  ],
  "variables": {
    "age": 0.9833108,
    "bmi": 0.3765362,
    "sex": 0.6118535,
    "smoking": 0.2935966,
    "sleep": 0.1035393,
    "diet": 0.1286727,
    "hygiene": 0.773408,
    "lifestyle_activity": 0.1824964,
    "load": 0.1663343,
    "anatomy": 0.5009411,
    "social_context": 0.08641209,
    "coping_skills": 0.02703292,
    "affective_state": 0.7447652,
    "inflammation": 0.7860115,
    "endplate": 0.2540715,
    "disc": 0.02360779,
    "vertebra": 0.1479429,
    "facets": 0.7192061,
    "psm": 0.3713014,
    "si_joint": 0.4664684,
    "pain_perception": 0.3237611,
    "pain_experience": 0.8850363,
    "genetics": 0.1396806,
    "personality": 0.7883117,
    "pain_beliefs": 0.804133,
    "disability": 0.65457
  }
}
