{"finished": false,
  "id": 2,
  "name": "CPP",
  "updateRate": 0.5,
  "assignments":["personality = age + bmi^sex","pain_beliefs = personality * smoking"],
  "variables": {
    "age": 50.01093,
    "bmi": 71.16253,
    "sex": 2.660383,
    "smoking": 83.15125,
    "sleep": 32.31735,
    "diet": 85.68989,
    "hygiene": 19.34392,
    "lifestyle_activity": 34.44863,
    "load": 39.7531,
    "anatomy": 83.71266,
    "social_context": 65.19914,
    "coping_skills": 91.72199,
    "affective_state": 51.24502,
    "inflamation": 61.3458,
    "damage": 26.54805,
    "disc_enplate": 32.73418,
    "vertical_facets": 64.69,
    "parspinal_muscles": 87.46627,
    "si_joint": 85.55864,
    "genetics": 77.85763,
    "personality": 34.38933,
    "pain_beliefs": 40.13859
  }
}
