{"finished": false,
  "id": 3,
  "name": "Nociception",
  "assignments":["personality = age + bmi^sex","pain_beliefs = personality * smoking"],
  "variables": {
    "age": 1.606846,
    "bmi": 47.49563,
    "sex": 34.52324,
    "smoking": 77.2302,
    "sleep": 64.51865,
    "diet": 36.90985,
    "hygiene": 53.50197,
    "lifestyle_activity": 0.1102336,
    "load": 52.59658,
    "anatomy": 7.339064,
    "social_context": 98.49407,
    "coping_skills": 87.16651,
    "affective_state": 17.36284,
    "inflamation": 38.07118,
    "damage": 37.92209,
    "disc_enplate": 78.76425,
    "vertical_facets": 16.43206,
    "parspinal_muscles": 67.97986,
    "si_joint": 6.759621,
    "genetics": 53.00268,
    "personality": 48.74077,
    "pain_beliefs": 49.1538
  }
}
