{"finished": false,
  "id": 0,
  "name": "Environment",
  "assignments":["personality = age + bmi^sex","pain_beliefs = personality * smoking"],
  "variables": {
    "age": 40.65498,
    "bmi": 87.14894,
    "sex": 44.31308,
    "smoking": 30.30781,
    "sleep": 53.05334,
    "diet": 33.58405,
    "hygiene": 56.99277,
    "lifestyle_activity": 5.031414,
    "load": 47.05391,
    "anatomy": 78.99837,
    "social_context": 97.17907,
    "coping_skills": 68.79397,
    "affective_state": 33.34942,
    "inflamation": 39.10538,
    "damage": 77.41034,
    "disc_enplate": 45.43043,
    "vertical_facets": 54.21495,
    "parspinal_muscles": 98.30099,
    "si_joint": 91.60707,
    "genetics": 7.438107,
    "personality": 21.45296,
    "pain_beliefs": 87.28663
  }
}
