{"finished": false,
  "id": 4,
  "name": "PainExperience",
  "updateRate": 0.5,
  "assignments":["pain_experience = (pain_perception + social_context + coping_skills + affective_state)/4"],
  "variables": {
    "age": 0.2604273,
    "bmi": 0.3952315,
    "sex": 0.8999504,
    "smoking": 0.8825768,
    "sleep": 0.1190059,
    "diet": 0.1474416,
    "hygiene": 0.2564746,
    "lifestyle_activity": 0.9196477,
    "load": 0.8517649,
    "anatomy": 0.7021397,
    "social_context": 0.530307,
    "coping_skills": 0.2343015,
    "affective_state": 0.09298777,
    "inflammation": 0.1850379,
    "endplate": 0.7180023,
    "disc": 0.4339754,
    "vertebra": 0.2201719,
    "facets": 0.7560626,
    "psm": 0.3320023,
    "si_joint": 0.5782029,
    "pain_perception": 0.1064683,
    "pain_experience": 0.8975441,
    "genetics": 0.9182746,
    "personality": 0.460106,
    "pain_beliefs": 0.2421497,
    "disability": 0.2782377
  }
}
  
