{"finished": false,
  "id": 3,
  "name": "Nociception",
  "updateRate": 0.25,
  "assignments":["pain_perception = (inflammation + endplate + disc + vertebra + facets + psm + si_joint)/7"],
  "variables": {
    "age": 0.9308234,
    "bmi": 0.4323063,
    "sex": 0.2491778,
    "smoking": 0.8265747,
    "sleep": 0.7574976,
    "diet": 0.6847833,
    "hygiene": 0.9643029,
    "lifestyle_activity": 0.5817722,
    "load": 0.4755035,
    "anatomy": 0.4479492,
    "social_context": 0.02426541,
    "coping_skills": 0.4417324,
    "affective_state": 0.6831981,
    "inflammation": 0.1268755,
    "endplate": 0.2254896,
    "disc": 0.2266473,
    "vertebra": 0.3104715,
    "facets": 0.196546,
    "psm": 0.7608218,
    "si_joint": 0.6093693,
    "pain_perception": 0.8574761,
    "pain_experience": 0.9608975,
    "genetics": 0.1595905,
    "personality": 0.1783924,
    "pain_beliefs": 0.117193,
    "disability": 0.02282582
  }
}
