Time,ODI:Robust:Mean,ODI:Robust:CIW,ODI:Pre-Frail:Mean,ODI:Pre-Frail:CIW,ODI:Frail:Mean,ODI:Frail:CIW,EQ5D:Robust:Mean,EQ5D:Robust:CIW,EQ5D:Pre-Frail:Mean,EQ5D:Pre-Frail:CIW,EQ5D:Frail:Mean,EQ5D:Frail:CIW,VAS:Robust:Mean,VAS:Robust:CIW,VAS:Pre-Frail:Mean,VAS:Pre-Frail:CIW,VAS:Frail:Mean,VAS:Frail:CIW
0,36,0.032,49,0.036,60,0.047,0.6,0.058,0.47,0.066,0.37,0.115,5.6,0.2142857142857143,6,0.16666666666666666,7,0.15714285714285717
1.5,35,0.032,43,0.036,51,0.047,0.66,0.058,0.64,0.066,0.63,0.115,3.25,0.3692307692307692,3.6,0.3055555555555556,4.4,0.3409090909090909
3,30,0.032,39,0.036,51,0.047,0.75,0.058,0.63,0.066,0.67,0.115,3,0.3666666666666667,3.6,0.3194444444444444,4.5,0.3111111111111111
6,26,0.032,37,0.036,45,0.047,0.75,0.058,0.64,0.066,0.63,0.115,2.5,0.64,3.4,0.35294117647058826,4.9,0.33673469387755095
12,35,0.032,40,0.036,45,0.047,0.72,0.058,0.62,0.066,0.68,0.115,3.25,0.8923076923076922,3.6,0.75,4,0.575
24,35,0.032,40,0.036,48,0.047,,,,,,,,,,,,
